{"cameraMode":{"drawMode":0,"name":"Shaded","section":"Shading Mode"},"sceneLighting":true,"audioPlay":false,"sceneViewState":{"m_AlwaysRefresh":true,"showFog":true,"showSkybox":true,"showFlares":true,"showImageEffects":true,"showParticleSystems":true,"showVisualEffectGraphs":true,"m_FxEnabled":true},"in2DMode":false,"pivot":{"x":0.6009094715118408,"y":0.8355616331100464,"z":-1.1399414539337159},"rotation":{"x":-0.05980417877435684,"y":0.9049191474914551,"z":-0.13566359877586366,"w":-0.3989138901233673},"size":1.1187008619308472,"orthographic":false}